age,insured_sex,insured_education_level,insured_occupation,insured_hobbies,insured_relationship,incident_type,collision_type,incident_severity,authorities_contacted,incident_hour_of_the_day,number_of_vehicles_involved,property_damage,bodily_injuries,witnesses,police_report_available,total_claim_amount,injury_claim,property_claim,vehicle_claim,fraud_reported
48,MALE,MD,craft-repair,sleeping,husband,Single Vehicle Collision,Side Collision,Major Damage,Police,5,1,YES,1,2,YES,71610,6510,13020,52080,Y
42,MALE,MD,machine-op-inspct,reading,other-relative,Vehicle Theft,?,Minor Damage,Police,8,1,?,0,0,?,5070,780,780,3510,Y
41,FEMALE,PhD,armed-forces,board-games,unmarried,Single Vehicle Collision,Front Collision,Major Damage,Police,5,1,?,1,2,NO,63400,6340,6340,50720,Y
39,FEMALE,PhD,tech-support,bungie-jumping,unmarried,Multi-vehicle Collision,Rear Collision,Major Damage,Fire,19,3,NO,0,2,NO,64100,6410,6410,51280,Y
38,FEMALE,College,machine-op-inspct,board-games,not-in-family,Single Vehicle Collision,Rear Collision,Total Loss,Police,12,1,NO,0,2,YES,46200,4200,8400,33600,Y
58,FEMALE,MD,transport-moving,movies,other-relative,Multi-vehicle Collision,Side Collision,Major Damage,Other,12,4,YES,0,0,NO,63120,10520,10520,42080,Y
55,MALE,High School,prof-specialty,paintball,other-relative,Multi-vehicle Collision,Rear Collision,Major Damage,Ambulance,20,3,NO,0,0,YES,71520,17880,5960,47680,Y
55,MALE,MD,priv-house-serv,chess,own-child,Single Vehicle Collision,Front Collision,Total Loss,Ambulance,15,1,?,2,2,?,98160,8180,16360,73620,Y
35,MALE,Masters,sales,polo,own-child,Multi-vehicle Collision,Rear Collision,Major Damage,Other,16,3,NO,1,3,YES,71500,16500,11000,44000,Y
34,MALE,JD,exec-managerial,chess,not-in-family,Vehicle Theft,?,Minor Damage,None,5,1,YES,2,1,?,5720,1040,520,4160,Y
37,MALE,JD,craft-repair,reading,husband,Multi-vehicle Collision,Side Collision,Major Damage,Police,10,3,NO,2,2,?,67140,7460,7460,52220,Y
33,MALE,High School,craft-repair,reading,not-in-family,Single Vehicle Collision,Front Collision,Major Damage,Other,15,1,YES,2,0,YES,53100,10620,5310,37170,Y
28,FEMALE,Masters,protective-serv,camping,unmarried,Single Vehicle Collision,Rear Collision,Total Loss,Police,3,1,?,1,1,YES,60200,6020,6020,48160,Y
37,MALE,JD,tech-support,video-games,wife,Single Vehicle Collision,Front Collision,Major Damage,Ambulance,4,1,?,0,3,NO,60170,10940,10940,38290,Y
34,MALE,Associate,transport-moving,chess,unmarried,Single Vehicle Collision,Side Collision,Major Damage,Police,1,1,?,1,1,?,97080,16180,16180,64720,Y
47,MALE,College,other-service,kayaking,husband,Multi-vehicle Collision,Front Collision,Major Damage,Fire,19,3,NO,2,1,NO,62800,6280,6280,50240,Y
34,MALE,PhD,machine-op-inspct,base-jumping,other-relative,Multi-vehicle Collision,Rear Collision,Major Damage,Police,15,3,YES,2,1,?,69480,15440,0,54040,Y
42,MALE,JD,transport-moving,video-games,own-child,Multi-vehicle Collision,Front Collision,Major Damage,Fire,20,3,YES,2,2,YES,68520,11420,5710,51390,Y
42,MALE,PhD,sales,chess,not-in-family,Multi-vehicle Collision,Rear Collision,Total Loss,Fire,16,3,NO,0,0,NO,59130,6570,6570,45990,Y
39,FEMALE,MD,exec-managerial,chess,other-relative,Multi-vehicle Collision,Front Collision,Minor Damage,Ambulance,6,3,YES,2,2,NO,82320,13720,6860,61740,Y
31,FEMALE,High School,tech-support,paintball,not-in-family,Single Vehicle Collision,Side Collision,Minor Damage,Fire,12,1,YES,0,1,NO,89700,13800,13800,62100,Y
42,FEMALE,Associate,prof-specialty,sleeping,own-child,Multi-vehicle Collision,Side Collision,Major Damage,Other,12,2,?,2,3,?,68310,12420,6210,49680,Y
41,FEMALE,MD,armed-forces,cross-fit,not-in-family,Single Vehicle Collision,Front Collision,Total Loss,Other,7,1,NO,0,2,NO,61290,6810,6810,47670,Y
38,FEMALE,PhD,handlers-cleaners,polo,unmarried,Single Vehicle Collision,Rear Collision,Major Damage,Fire,16,1,?,1,2,?,72200,14440,7220,50540,Y
48,MALE,Masters,prof-specialty,movies,not-in-family,Multi-vehicle Collision,Side Collision,Major Damage,Ambulance,16,2,?,2,3,NO,60940,5540,11080,44320,Y
25,FEMALE,College,exec-managerial,exercise,not-in-family,Multi-vehicle Collision,Side Collision,Major Damage,Other,12,3,YES,2,0,?,45120,0,5640,39480,Y
23,FEMALE,Associate,tech-support,exercise,own-child,Single Vehicle Collision,Side Collision,Major Damage,Police,14,1,NO,0,3,?,98340,8940,17880,71520,Y
47,FEMALE,Associate,protective-serv,hiking,not-in-family,Single Vehicle Collision,Side Collision,Major Damage,Fire,11,1,YES,0,3,NO,72930,6630,6630,59670,Y
25,MALE,Masters,farming-fishing,skydiving,own-child,Multi-vehicle Collision,Rear Collision,Minor Damage,Other,4,4,YES,1,2,YES,64890,7210,7210,50470,Y
61,FEMALE,Associate,prof-specialty,basketball,husband,Multi-vehicle Collision,Rear Collision,Major Damage,Police,6,3,?,0,2,YES,79800,6650,19950,53200,Y
47,FEMALE,PhD,machine-op-inspct,basketball,other-relative,Single Vehicle Collision,Front Collision,Major Damage,Fire,1,1,?,0,0,?,70590,10860,10860,48870,Y
31,FEMALE,Masters,sales,chess,husband,Multi-vehicle Collision,Rear Collision,Major Damage,Fire,16,3,NO,0,3,YES,60940,5540,11080,44320,Y
60,MALE,PhD,craft-repair,dancing,unmarried,Single Vehicle Collision,Front Collision,Major Damage,Fire,0,1,YES,0,0,?,70000,14000,7000,49000,Y
46,MALE,MD,machine-op-inspct,hiking,other-relative,Multi-vehicle Collision,Side Collision,Total Loss,Other,14,3,NO,0,1,?,47700,4770,9540,33390,Y
41,MALE,High School,exec-managerial,exercise,unmarried,Multi-vehicle Collision,Side Collision,Major Damage,Police,20,3,?,2,2,NO,70400,6400,12800,51200,Y
36,FEMALE,MD,other-service,video-games,other-relative,Single Vehicle Collision,Front Collision,Major Damage,Ambulance,11,1,NO,2,1,NO,76560,12760,12760,51040,Y
38,FEMALE,Masters,other-service,skydiving,not-in-family,Single Vehicle Collision,Front Collision,Major Damage,Ambulance,7,1,?,0,1,YES,55440,0,6160,49280,Y
43,MALE,College,farming-fishing,basketball,wife,Single Vehicle Collision,Front Collision,Major Damage,Fire,22,1,YES,0,3,YES,63840,10640,10640,42560,Y
28,FEMALE,Masters,sales,sleeping,husband,Multi-vehicle Collision,Front Collision,Major Damage,Fire,0,3,?,1,2,?,44730,4970,4970,34790,Y
34,FEMALE,College,exec-managerial,yachting,other-relative,Single Vehicle Collision,Rear Collision,Major Damage,Police,14,1,NO,1,2,?,69200,13840,6920,48440,Y
29,MALE,MD,exec-managerial,yachting,other-relative,Single Vehicle Collision,Rear Collision,Major Damage,Ambulance,14,1,?,2,3,?,70800,7080,14160,49560,Y
58,FEMALE,Associate,exec-managerial,cross-fit,wife,Single Vehicle Collision,Front Collision,Major Damage,Police,18,1,YES,2,1,?,99320,7640,15280,76400,Y
41,MALE,Masters,tech-support,polo,not-in-family,Multi-vehicle Collision,Side Collision,Major Damage,Fire,13,3,?,2,0,NO,64000,12800,6400,44800,Y
27,MALE,PhD,adm-clerical,reading,not-in-family,Single Vehicle Collision,Rear Collision,Major Damage,Other,14,1,NO,2,3,?,71680,8960,8960,53760,Y
41,FEMALE,JD,craft-repair,skydiving,not-in-family,Single Vehicle Collision,Side Collision,Major Damage,Other,1,1,?,1,0,YES,112320,17280,17280,77760,Y
32,MALE,High School,exec-managerial,kayaking,own-child,Multi-vehicle Collision,Rear Collision,Total Loss,Police,23,3,YES,1,3,YES,63570,9780,9780,44010,Y
33,FEMALE,Masters,other-service,reading,own-child,Multi-vehicle Collision,Rear Collision,Minor Damage,Ambulance,20,3,NO,1,3,?,54240,9040,9040,36160,Y
50,MALE,Associate,sales,bungie-jumping,other-relative,Single Vehicle Collision,Front Collision,Major Damage,Police,16,1,YES,2,3,NO,37280,0,0,37280,Y
30,FEMALE,Masters,prof-specialty,sleeping,not-in-family,Single Vehicle Collision,Front Collision,Major Damage,Fire,3,1,YES,2,0,NO,107900,10790,21580,75530,Y
28,FEMALE,Associate,craft-repair,board-games,unmarried,Single Vehicle Collision,Rear Collision,Major Damage,Fire,18,1,?,2,1,YES,71280,12960,12960,45360,Y
28,MALE,High School,machine-op-inspct,hiking,husband,Single Vehicle Collision,Rear Collision,Total Loss,Ambulance,1,1,?,0,1,YES,53600,6700,6700,40200,Y
26,MALE,JD,tech-support,cross-fit,other-relative,Single Vehicle Collision,Rear Collision,Minor Damage,Police,11,1,?,1,1,YES,81840,14880,7440,59520,Y
35,MALE,JD,tech-support,cross-fit,husband,Single Vehicle Collision,Front Collision,Total Loss,Fire,17,1,YES,2,3,NO,88660,8060,16120,64480,Y
25,FEMALE,High School,tech-support,hiking,own-child,Multi-vehicle Collision,Rear Collision,Major Damage,Other,11,3,?,1,0,?,73920,13440,6720,53760,Y
36,MALE,MD,armed-forces,skydiving,own-child,Vehicle Theft,?,Trivial Damage,Police,3,1,?,1,1,NO,5300,530,530,4240,Y
32,FEMALE,College,sales,chess,other-relative,Single Vehicle Collision,Rear Collision,Total Loss,Fire,0,1,?,1,0,NO,59800,5980,5980,47840,Y
40,FEMALE,MD,prof-specialty,reading,wife,Multi-vehicle Collision,Side Collision,Major Damage,Other,6,3,?,1,0,?,53460,9720,9720,34020,Y
33,FEMALE,JD,exec-managerial,cross-fit,wife,Single Vehicle Collision,Side Collision,Total Loss,Other,11,1,YES,1,3,?,81360,6780,13560,61020,Y
43,MALE,PhD,craft-repair,bungie-jumping,other-relative,Multi-vehicle Collision,Side Collision,Minor Damage,Ambulance,5,3,?,1,2,YES,81070,7370,14740,58960,Y
46,FEMALE,MD,prof-specialty,exercise,not-in-family,Single Vehicle Collision,Rear Collision,Total Loss,Other,0,1,?,2,3,?,70290,12780,6390,51120,Y
44,MALE,College,farming-fishing,base-jumping,other-relative,Single Vehicle Collision,Front Collision,Major Damage,Other,18,1,YES,1,2,YES,61380,11160,5580,44640,Y
52,FEMALE,Associate,prof-specialty,bungie-jumping,not-in-family,Single Vehicle Collision,Front Collision,Major Damage,Other,2,1,?,0,2,NO,47630,12990,4330,30310,Y
28,MALE,JD,farming-fishing,polo,other-relative,Multi-vehicle Collision,Front Collision,Major Damage,Other,10,3,?,0,2,YES,53600,5360,10720,37520,Y
26,MALE,MD,sales,cross-fit,own-child,Multi-vehicle Collision,Rear Collision,Total Loss,Fire,2,3,NO,2,3,NO,78650,14300,7150,57200,Y
38,FEMALE,College,adm-clerical,skydiving,other-relative,Single Vehicle Collision,Front Collision,Major Damage,Other,20,1,YES,2,0,NO,73700,7370,7370,58960,Y
51,FEMALE,Associate,tech-support,golf,other-relative,Single Vehicle Collision,Rear Collision,Major Damage,Fire,7,1,YES,0,3,YES,75400,7540,15080,52780,Y
44,FEMALE,JD,other-service,chess,own-child,Multi-vehicle Collision,Rear Collision,Total Loss,Ambulance,15,3,?,0,1,?,98670,15180,15180,68310,Y
28,FEMALE,Associate,transport-moving,yachting,unmarried,Multi-vehicle Collision,Rear Collision,Total Loss,Fire,13,2,YES,0,1,?,55440,5040,10080,40320,Y
27,MALE,MD,sales,yachting,other-relative,Multi-vehicle Collision,Side Collision,Major Damage,Police,2,3,NO,1,2,NO,80850,7350,14700,58800,Y
61,MALE,PhD,transport-moving,movies,wife,Single Vehicle Collision,Side Collision,Major Damage,Fire,21,1,?,2,3,NO,53640,5960,5960,41720,Y
23,FEMALE,JD,tech-support,base-jumping,wife,Multi-vehicle Collision,Rear Collision,Major Damage,Fire,21,3,NO,2,2,NO,63250,5750,11500,46000,Y
43,MALE,Associate,machine-op-inspct,cross-fit,other-relative,Single Vehicle Collision,Side Collision,Major Damage,Police,13,1,YES,0,1,NO,57690,6410,12820,38460,Y
30,FEMALE,PhD,exec-managerial,dancing,unmarried,Multi-vehicle Collision,Rear Collision,Major Damage,Fire,19,3,?,0,2,YES,47790,5310,5310,37170,Y
31,MALE,PhD,other-service,reading,husband,Single Vehicle Collision,Front Collision,Major Damage,Police,3,1,?,2,0,?,59000,5900,5900,47200,Y
43,MALE,College,machine-op-inspct,golf,husband,Multi-vehicle Collision,Rear Collision,Major Damage,Ambulance,17,3,NO,0,1,?,70600,7060,14120,49420,Y
45,MALE,JD,machine-op-inspct,hiking,wife,Multi-vehicle Collision,Side Collision,Major Damage,Fire,9,3,?,2,2,?,53280,11840,5920,35520,Y
47,MALE,MD,craft-repair,paintball,other-relative,Multi-vehicle Collision,Front Collision,Major Damage,Police,22,4,YES,2,0,?,71760,11040,11040,49680,Y
41,MALE,PhD,prof-specialty,cross-fit,unmarried,Single Vehicle Collision,Rear Collision,Minor Damage,Other,4,1,NO,1,0,?,60390,10980,5490,43920,Y
33,FEMALE,JD,armed-forces,exercise,not-in-family,Multi-vehicle Collision,Side Collision,Major Damage,Police,6,3,?,0,1,YES,64350,5850,11700,46800,Y
33,FEMALE,Associate,craft-repair,cross-fit,wife,Vehicle Theft,?,Trivial Damage,Police,3,1,NO,2,1,?,4730,860,860,3010,Y
58,MALE,PhD,tech-support,sleeping,other-relative,Single Vehicle Collision,Rear Collision,Major Damage,Police,10,1,?,0,2,?,59900,11980,5990,41930,Y
25,FEMALE,JD,handlers-cleaners,movies,husband,Single Vehicle Collision,Rear Collision,Major Damage,Ambulance,6,1,YES,1,2,YES,66780,7420,7420,51940,Y
31,FEMALE,High School,handlers-cleaners,polo,husband,Multi-vehicle Collision,Rear Collision,Major Damage,Fire,14,3,?,1,0,NO,52700,10540,10540,31620,Y
37,MALE,High School,exec-managerial,golf,unmarried,Multi-vehicle Collision,Rear Collision,Minor Damage,Police,16,4,?,1,2,YES,53400,5340,5340,42720,Y
34,FEMALE,JD,handlers-cleaners,base-jumping,wife,Single Vehicle Collision,Front Collision,Major Damage,Other,14,1,?,2,1,YES,36720,4080,4080,28560,Y
29,FEMALE,PhD,farming-fishing,kayaking,own-child,Single Vehicle Collision,Side Collision,Major Damage,Fire,1,1,?,1,1,YES,52800,4800,9600,38400,Y
37,FEMALE,Associate,protective-serv,cross-fit,unmarried,Multi-vehicle Collision,Rear Collision,Total Loss,Fire,14,3,NO,1,2,YES,59100,5910,5910,47280,Y
41,FEMALE,PhD,sales,dancing,other-relative,Multi-vehicle Collision,Rear Collision,Major Damage,Other,10,3,NO,2,2,YES,80740,7340,14680,58720,Y
26,MALE,MD,sales,base-jumping,not-in-family,Multi-vehicle Collision,Front Collision,Major Damage,Ambulance,3,3,?,0,3,?,31350,2850,5700,22800,Y
30,MALE,Associate,protective-serv,reading,other-relative,Single Vehicle Collision,Side Collision,Major Damage,Other,19,1,YES,0,1,YES,74280,12380,12380,49520,Y
26,MALE,College,exec-managerial,sleeping,not-in-family,Multi-vehicle Collision,Rear Collision,Major Damage,Other,4,2,YES,2,2,NO,50400,10080,5040,35280,Y
40,MALE,MD,armed-forces,base-jumping,husband,Multi-vehicle Collision,Side Collision,Major Damage,Other,6,3,?,0,2,YES,51810,9420,4710,37680,Y
31,MALE,PhD,protective-serv,board-games,own-child,Single Vehicle Collision,Front Collision,Major Damage,Other,21,1,NO,1,0,NO,55660,5060,10120,40480,Y
46,FEMALE,PhD,transport-moving,reading,husband,Multi-vehicle Collision,Front Collision,Major Damage,Ambulance,3,3,?,1,3,NO,77660,7060,14120,56480,Y
45,FEMALE,JD,sales,cross-fit,wife,Multi-vehicle Collision,Side Collision,Total Loss,Police,23,3,YES,2,2,NO,64800,12960,6480,45360,Y
26,MALE,College,armed-forces,skydiving,own-child,Single Vehicle Collision,Rear Collision,Major Damage,Police,8,1,?,2,2,YES,57860,0,10520,47340,Y
38,FEMALE,Associate,tech-support,board-games,unmarried,Single Vehicle Collision,Rear Collision,Total Loss,Police,16,1,?,2,3,NO,66600,16650,11100,38850,Y
39,FEMALE,MD,craft-repair,bungie-jumping,unmarried,Single Vehicle Collision,Front Collision,Major Damage,Fire,0,1,?,1,3,NO,74200,14840,14840,44520,Y
44,FEMALE,Associate,machine-op-inspct,paintball,other-relative,Multi-vehicle Collision,Rear Collision,Major Damage,Ambulance,20,3,?,1,0,NO,35900,7180,3590,25130,Y
33,MALE,College,adm-clerical,yachting,wife,Single Vehicle Collision,Side Collision,Major Damage,Ambulance,22,1,?,1,3,?,82800,20700,13800,48300,Y
61,FEMALE,Associate,transport-moving,polo,unmarried,Multi-vehicle Collision,Rear Collision,Major Damage,Ambulance,3,3,YES,2,1,YES,78100,15620,7810,54670,Y
24,FEMALE,College,priv-house-serv,paintball,other-relative,Multi-vehicle Collision,Rear Collision,Major Damage,Ambulance,15,3,YES,2,1,?,65520,9360,9360,46800,Y
41,FEMALE,Associate,sales,reading,own-child,Multi-vehicle Collision,Side Collision,Major Damage,Other,13,3,NO,0,2,?,42700,0,6100,36600,Y
46,FEMALE,High School,adm-clerical,polo,own-child,Parked Car,?,Minor Damage,Police,8,1,NO,2,2,YES,5580,620,620,4340,Y
31,FEMALE,Masters,adm-clerical,chess,wife,Parked Car,?,Minor Damage,None,7,1,?,0,0,NO,3600,360,720,2520,Y
19,FEMALE,JD,craft-repair,yachting,wife,Single Vehicle Collision,Side Collision,Minor Damage,Police,5,1,?,0,2,?,48950,4450,8900,35600,Y
31,FEMALE,JD,armed-forces,base-jumping,wife,Parked Car,?,Minor Damage,None,2,1,YES,1,2,?,6120,680,680,4760,Y
32,MALE,College,other-service,reading,other-relative,Multi-vehicle Collision,Front Collision,Major Damage,Other,14,3,?,1,2,NO,50800,10160,5080,35560,Y
29,MALE,PhD,exec-managerial,golf,not-in-family,Multi-vehicle Collision,Rear Collision,Minor Damage,Other,15,3,?,0,2,YES,49950,5550,5550,38850,Y
46,MALE,JD,armed-forces,chess,unmarried,Single Vehicle Collision,Rear Collision,Minor Damage,Ambulance,18,1,YES,0,1,YES,56430,6270,6270,43890,Y
31,MALE,High School,farming-fishing,reading,own-child,Multi-vehicle Collision,Rear Collision,Major Damage,Other,2,4,NO,2,2,NO,47700,4770,9540,33390,Y
33,FEMALE,College,craft-repair,skydiving,husband,Multi-vehicle Collision,Rear Collision,Major Damage,Ambulance,23,3,YES,2,0,NO,44880,8160,4080,32640,Y
60,FEMALE,College,armed-forces,cross-fit,unmarried,Single Vehicle Collision,Front Collision,Minor Damage,Other,10,1,NO,1,3,NO,84480,7680,15360,61440,Y
31,MALE,Masters,machine-op-inspct,base-jumping,husband,Multi-vehicle Collision,Front Collision,Major Damage,Ambulance,6,3,?,0,3,YES,64800,6480,12960,45360,Y
34,FEMALE,College,exec-managerial,basketball,other-relative,Multi-vehicle Collision,Side Collision,Major Damage,Police,0,4,?,0,0,?,66880,6080,12160,48640,Y
36,FEMALE,Masters,exec-managerial,camping,other-relative,Multi-vehicle Collision,Rear Collision,Major Damage,Ambulance,22,3,?,0,0,NO,69680,8710,8710,52260,Y
48,FEMALE,Masters,priv-house-serv,base-jumping,other-relative,Single Vehicle Collision,Front Collision,Major Damage,Police,21,1,YES,1,0,NO,55170,6130,6130,42910,Y
44,FEMALE,PhD,priv-house-serv,chess,not-in-family,Parked Car,?,Trivial Damage,Police,7,1,?,2,2,NO,6400,640,1280,4480,Y
33,FEMALE,PhD,transport-moving,exercise,wife,Single Vehicle Collision,Side Collision,Major Damage,Fire,16,1,YES,0,0,?,70400,6400,19200,44800,Y
52,FEMALE,High School,farming-fishing,chess,unmarried,Single Vehicle Collision,Rear Collision,Total Loss,Police,13,1,YES,1,1,?,54810,6090,6090,42630,Y
28,MALE,Masters,transport-moving,movies,own-child,Single Vehicle Collision,Side Collision,Major Damage,Ambulance,5,1,?,2,1,YES,79800,13300,6650,59850,Y
44,FEMALE,High School,tech-support,base-jumping,other-relative,Single Vehicle Collision,Rear Collision,Minor Damage,Other,16,1,NO,2,2,NO,76230,6930,13860,55440,Y
57,FEMALE,PhD,tech-support,hiking,own-child,Multi-vehicle Collision,Front Collision,Major Damage,Police,10,3,NO,2,1,?,47760,5970,5970,35820,Y
57,FEMALE,JD,craft-repair,skydiving,husband,Single Vehicle Collision,Front Collision,Major Damage,Other,10,1,?,2,3,NO,58300,5830,11660,40810,Y
42,MALE,JD,exec-managerial,chess,other-relative,Parked Car,?,Minor Damage,Police,19,1,?,2,2,?,6490,590,1180,4720,Y
29,MALE,High School,adm-clerical,polo,husband,Single Vehicle Collision,Rear Collision,Major Damage,Other,16,1,NO,0,3,YES,63800,6380,6380,51040,Y
56,MALE,MD,farming-fishing,cross-fit,other-relative,Single Vehicle Collision,Side Collision,Total Loss,Police,10,1,?,0,1,YES,58160,7270,7270,43620,Y
53,MALE,Masters,armed-forces,chess,unmarried,Vehicle Theft,?,Minor Damage,Police,6,1,NO,1,2,NO,6300,630,1260,4410,Y
46,MALE,MD,sales,yachting,other-relative,Single Vehicle Collision,Front Collision,Major Damage,Fire,18,1,NO,2,1,NO,104610,19020,19020,66570,Y
30,MALE,JD,handlers-cleaners,golf,not-in-family,Multi-vehicle Collision,Front Collision,Major Damage,Other,8,3,NO,0,3,?,59670,6630,6630,46410,Y
29,MALE,JD,transport-moving,cross-fit,not-in-family,Multi-vehicle Collision,Front Collision,Total Loss,Ambulance,6,3,NO,0,2,?,75400,11600,11600,52200,Y
47,FEMALE,Associate,armed-forces,board-games,own-child,Multi-vehicle Collision,Rear Collision,Major Damage,Other,1,3,NO,2,3,?,64100,12820,6410,44870,Y
58,MALE,MD,exec-managerial,exercise,not-in-family,Single Vehicle Collision,Front Collision,Major Damage,Police,11,1,?,0,0,?,63580,5780,5780,52020,Y
26,FEMALE,JD,farming-fishing,skydiving,wife,Multi-vehicle Collision,Rear Collision,Major Damage,Fire,16,2,YES,1,0,NO,53820,11960,5980,35880,Y
38,FEMALE,College,transport-moving,chess,not-in-family,Multi-vehicle Collision,Side Collision,Minor Damage,Ambulance,6,3,?,0,2,NO,53730,11940,5970,35820,Y
39,MALE,High School,armed-forces,hiking,own-child,Multi-vehicle Collision,Front Collision,Major Damage,Fire,21,3,?,1,0,NO,87960,14660,14660,58640,Y
34,FEMALE,High School,sales,video-games,other-relative,Single Vehicle Collision,Front Collision,Major Damage,Police,10,1,YES,1,3,?,75570,6870,13740,54960,Y
23,FEMALE,College,sales,dancing,wife,Single Vehicle Collision,Side Collision,Major Damage,Other,14,1,NO,1,0,YES,52400,6550,6550,39300,Y
63,MALE,High School,adm-clerical,paintball,own-child,Parked Car,?,Minor Damage,None,5,1,YES,1,3,NO,4700,940,470,3290,Y
40,MALE,MD,prof-specialty,yachting,husband,Single Vehicle Collision,Front Collision,Minor Damage,Fire,10,1,YES,0,1,?,43280,0,5410,37870,Y
50,MALE,MD,armed-forces,polo,unmarried,Multi-vehicle Collision,Side Collision,Major Damage,Other,18,3,YES,2,1,YES,69000,13800,6900,48300,Y
51,MALE,Masters,handlers-cleaners,chess,not-in-family,Vehicle Theft,?,Minor Damage,Police,5,1,YES,2,2,?,4620,840,840,2940,Y
51,MALE,Masters,transport-moving,board-games,wife,Single Vehicle Collision,Rear Collision,Major Damage,Other,16,1,YES,2,1,NO,77330,14060,14060,49210,Y
35,FEMALE,College,exec-managerial,yachting,not-in-family,Multi-vehicle Collision,Side Collision,Total Loss,Fire,11,3,NO,2,1,?,24570,2730,2730,19110,Y
41,MALE,MD,protective-serv,chess,wife,Single Vehicle Collision,Front Collision,Minor Damage,Fire,23,1,NO,0,0,NO,84100,16820,8410,58870,Y
54,MALE,High School,craft-repair,movies,wife,Multi-vehicle Collision,Front Collision,Major Damage,Ambulance,18,3,?,1,2,?,32280,5380,5380,21520,Y
54,MALE,JD,farming-fishing,board-games,not-in-family,Single Vehicle Collision,Rear Collision,Major Damage,Other,19,1,NO,0,2,YES,67770,7530,15060,45180,Y
32,MALE,JD,tech-support,chess,wife,Single Vehicle Collision,Side Collision,Total Loss,Other,11,1,NO,1,0,NO,47400,9480,4740,33180,Y
39,MALE,High School,transport-moving,board-games,not-in-family,Multi-vehicle Collision,Rear Collision,Major Damage,Other,9,3,YES,2,1,?,55000,5000,10000,40000,Y
34,MALE,PhD,machine-op-inspct,camping,unmarried,Single Vehicle Collision,Side Collision,Major Damage,Fire,23,1,?,2,3,NO,64200,6420,19260,38520,Y
59,FEMALE,JD,exec-managerial,yachting,not-in-family,Multi-vehicle Collision,Front Collision,Major Damage,Other,14,2,?,1,2,NO,72400,7240,14480,50680,Y
43,FEMALE,Associate,armed-forces,yachting,not-in-family,Single Vehicle Collision,Rear Collision,Major Damage,Ambulance,16,1,?,2,1,?,79970,7270,21810,50890,Y
30,FEMALE,JD,craft-repair,polo,wife,Single Vehicle Collision,Side Collision,Major Damage,Fire,9,1,YES,1,1,?,84590,7690,7690,69210,Y
29,FEMALE,JD,priv-house-serv,chess,unmarried,Parked Car,?,Trivial Damage,Police,3,1,?,2,1,?,5000,500,1000,3500,Y
29,MALE,High School,exec-managerial,cross-fit,other-relative,Single Vehicle Collision,Side Collision,Minor Damage,Ambulance,4,1,?,1,2,NO,43700,4370,4370,34960,Y
35,MALE,JD,sales,chess,own-child,Single Vehicle Collision,Rear Collision,Total Loss,Other,0,1,NO,2,1,?,55000,10000,10000,35000,Y
43,FEMALE,JD,transport-moving,board-games,unmarried,Multi-vehicle Collision,Side Collision,Major Damage,Fire,14,2,?,2,2,?,74700,7470,14940,52290,Y
57,FEMALE,MD,machine-op-inspct,chess,husband,Single Vehicle Collision,Side Collision,Minor Damage,Police,14,1,?,0,0,NO,40700,4070,4070,32560,Y
42,MALE,High School,machine-op-inspct,yachting,unmarried,Single Vehicle Collision,Rear Collision,Major Damage,Fire,2,1,?,1,1,NO,78980,7180,14360,57440,Y
39,FEMALE,JD,protective-serv,hiking,wife,Single Vehicle Collision,Front Collision,Major Damage,Fire,10,1,NO,2,3,YES,87890,15980,7990,63920,Y
47,FEMALE,High School,craft-repair,chess,wife,Multi-vehicle Collision,Side Collision,Total Loss,Other,20,2,?,0,2,YES,60500,11000,5500,44000,Y
29,FEMALE,MD,craft-repair,dancing,husband,Single Vehicle Collision,Rear Collision,Major Damage,Police,10,1,YES,1,2,NO,54360,4530,9060,40770,Y
35,FEMALE,High School,craft-repair,chess,wife,Parked Car,?,Trivial Damage,None,5,1,?,0,2,YES,2860,520,260,2080,Y
34,FEMALE,PhD,priv-house-serv,chess,husband,Multi-vehicle Collision,Side Collision,Major Damage,Ambulance,4,3,?,1,0,NO,50800,5080,5080,40640,Y
38,FEMALE,Masters,prof-specialty,paintball,not-in-family,Single Vehicle Collision,Side Collision,Major Damage,Police,17,1,NO,0,1,YES,51920,9440,4720,37760,Y
32,MALE,MD,tech-support,chess,not-in-family,Multi-vehicle Collision,Side Collision,Total Loss,Ambulance,0,3,?,0,2,?,59400,6600,13200,39600,Y
31,FEMALE,High School,transport-moving,cross-fit,other-relative,Multi-vehicle Collision,Side Collision,Major Damage,Ambulance,2,3,NO,0,2,?,69930,0,15540,54390,Y
54,MALE,College,prof-specialty,yachting,wife,Multi-vehicle Collision,Front Collision,Major Damage,Other,23,3,NO,2,1,?,68750,12500,12500,43750,Y
39,MALE,High School,transport-moving,cross-fit,other-relative,Multi-vehicle Collision,Front Collision,Minor Damage,Other,15,3,?,0,3,NO,59400,11880,5940,41580,Y
60,MALE,Associate,priv-house-serv,chess,other-relative,Single Vehicle Collision,Front Collision,Total Loss,Ambulance,23,1,NO,2,1,?,62880,5240,10480,47160,Y
51,FEMALE,Masters,sales,paintball,not-in-family,Multi-vehicle Collision,Side Collision,Major Damage,Fire,18,3,?,2,2,YES,75400,17400,11600,46400,Y
43,MALE,High School,handlers-cleaners,chess,wife,Multi-vehicle Collision,Rear Collision,Total Loss,Ambulance,21,4,NO,0,0,NO,42700,4270,4270,34160,Y
47,MALE,College,prof-specialty,reading,wife,Single Vehicle Collision,Front Collision,Major Damage,Ambulance,20,1,YES,1,3,NO,40260,3660,7320,29280,Y
38,FEMALE,High School,tech-support,movies,other-relative,Single Vehicle Collision,Front Collision,Major Damage,Police,6,1,?,0,2,NO,44440,8080,4040,32320,Y
38,FEMALE,Masters,transport-moving,video-games,husband,Multi-vehicle Collision,Front Collision,Total Loss,Police,23,3,YES,2,2,?,68760,11460,5730,51570,Y
31,FEMALE,MD,tech-support,paintball,husband,Multi-vehicle Collision,Front Collision,Major Damage,Other,1,2,NO,2,1,?,74400,14880,7440,52080,Y
33,FEMALE,Associate,exec-managerial,base-jumping,other-relative,Multi-vehicle Collision,Rear Collision,Major Damage,Fire,17,4,NO,2,1,NO,35300,3530,3530,28240,Y
41,MALE,High School,sales,cross-fit,unmarried,Multi-vehicle Collision,Rear Collision,Total Loss,Ambulance,17,3,?,1,1,NO,60190,4630,9260,46300,Y
39,FEMALE,Masters,machine-op-inspct,exercise,own-child,Multi-vehicle Collision,Rear Collision,Major Damage,Fire,23,3,YES,1,3,NO,41580,3780,7560,30240,Y
45,FEMALE,JD,tech-support,cross-fit,unmarried,Single Vehicle Collision,Side Collision,Minor Damage,Ambulance,13,1,YES,0,0,NO,58500,11700,0,46800,Y
33,FEMALE,High School,farming-fishing,chess,husband,Single Vehicle Collision,Rear Collision,Minor Damage,Ambulance,2,1,YES,0,2,?,82610,7510,7510,67590,Y
41,FEMALE,MD,priv-house-serv,video-games,husband,Multi-vehicle Collision,Rear Collision,Total Loss,Ambulance,23,3,NO,1,3,?,78600,13100,19650,45850,Y
46,MALE,College,handlers-cleaners,chess,husband,Single Vehicle Collision,Front Collision,Minor Damage,Ambulance,17,1,NO,1,2,?,51390,5710,5710,39970,Y
44,MALE,Associate,other-service,exercise,other-relative,Single Vehicle Collision,Side Collision,Major Damage,Ambulance,3,1,NO,1,0,NO,70200,7020,7020,56160,Y
62,FEMALE,MD,protective-serv,chess,own-child,Multi-vehicle Collision,Side Collision,Major Damage,Other,13,3,?,1,3,NO,66480,5540,11080,49860,Y
23,MALE,High School,transport-moving,reading,own-child,Single Vehicle Collision,Rear Collision,Major Damage,Fire,8,1,NO,2,1,NO,50380,4580,9160,36640,Y
29,MALE,College,prof-specialty,hiking,other-relative,Multi-vehicle Collision,Rear Collision,Major Damage,Ambulance,15,3,YES,2,3,YES,55400,5540,11080,38780,Y
41,FEMALE,Associate,handlers-cleaners,polo,unmarried,Single Vehicle Collision,Side Collision,Major Damage,Ambulance,21,1,YES,2,1,NO,85900,17180,17180,51540,Y
22,MALE,JD,farming-fishing,polo,not-in-family,Single Vehicle Collision,Rear Collision,Major Damage,Police,14,1,YES,0,1,YES,86130,15660,7830,62640,Y
32,FEMALE,College,protective-serv,cross-fit,other-relative,Single Vehicle Collision,Side Collision,Major Damage,Fire,13,1,?,2,3,?,82170,14940,7470,59760,Y
41,FEMALE,College,farming-fishing,camping,own-child,Single Vehicle Collision,Front Collision,Major Damage,Fire,1,1,?,1,0,YES,50300,10060,5030,35210,Y
50,MALE,PhD,machine-op-inspct,board-games,not-in-family,Multi-vehicle Collision,Side Collision,Major Damage,Other,2,3,NO,2,1,YES,84500,13000,13000,58500,Y
39,MALE,PhD,exec-managerial,hiking,husband,Multi-vehicle Collision,Front Collision,Major Damage,Other,9,3,YES,2,2,YES,71610,13020,6510,52080,Y
55,MALE,MD,sales,yachting,own-child,Multi-vehicle Collision,Rear Collision,Major Damage,Other,21,4,?,0,2,NO,60600,6060,12120,42420,Y
41,MALE,Masters,exec-managerial,reading,unmarried,Multi-vehicle Collision,Rear Collision,Major Damage,Fire,0,3,NO,2,3,NO,81240,6770,20310,54160,Y
57,MALE,College,protective-serv,paintball,wife,Multi-vehicle Collision,Rear Collision,Major Damage,Police,19,3,YES,0,3,?,68200,12400,12400,43400,Y
43,MALE,PhD,craft-repair,basketball,wife,Multi-vehicle Collision,Rear Collision,Major Damage,Other,0,3,?,2,1,NO,60750,13500,6750,40500,Y
30,FEMALE,College,adm-clerical,paintball,wife,Multi-vehicle Collision,Front Collision,Major Damage,Fire,2,3,?,0,2,YES,65560,11920,11920,41720,Y
48,FEMALE,MD,machine-op-inspct,chess,wife,Multi-vehicle Collision,Front Collision,Total Loss,Police,21,3,NO,0,0,YES,35860,3260,6520,26080,Y
40,MALE,Associate,machine-op-inspct,cross-fit,husband,Multi-vehicle Collision,Front Collision,Major Damage,Ambulance,3,3,YES,2,1,?,50050,7700,3850,38500,Y
29,FEMALE,PhD,sales,board-games,own-child,Multi-vehicle Collision,Rear Collision,Minor Damage,Police,7,3,NO,2,3,NO,34650,7700,3850,23100,N
44,MALE,Associate,sales,board-games,unmarried,Vehicle Theft,?,Minor Damage,None,20,1,NO,0,1,NO,6500,1300,650,4550,N
34,MALE,PhD,prof-specialty,board-games,husband,Multi-vehicle Collision,Front Collision,Minor Damage,Police,0,3,?,0,0,?,78650,21450,7150,50050,N
37,MALE,Associate,tech-support,base-jumping,unmarried,Multi-vehicle Collision,Front Collision,Total Loss,Police,23,3,?,2,2,YES,51590,9380,9380,32830,N
33,FEMALE,PhD,other-service,golf,own-child,Single Vehicle Collision,Front Collision,Total Loss,Police,21,1,NO,1,1,YES,27700,2770,2770,22160,N
42,MALE,PhD,priv-house-serv,camping,wife,Single Vehicle Collision,Rear Collision,Total Loss,Other,14,1,NO,2,1,?,42300,4700,4700,32900,N
42,FEMALE,Masters,exec-managerial,dancing,other-relative,Single Vehicle Collision,Front Collision,Total Loss,Police,22,1,YES,2,2,?,87010,7910,15820,63280,N
61,FEMALE,High School,exec-managerial,skydiving,other-relative,Multi-vehicle Collision,Front Collision,Major Damage,Fire,21,3,YES,1,2,YES,114920,17680,17680,79560,N
23,MALE,MD,protective-serv,reading,wife,Single Vehicle Collision,Rear Collision,Total Loss,Ambulance,9,1,YES,1,0,NO,56520,4710,9420,42390,N
34,FEMALE,MD,armed-forces,bungie-jumping,wife,Parked Car,?,Minor Damage,None,5,1,NO,1,1,NO,7280,1120,1120,5040,N
26,MALE,College,machine-op-inspct,hiking,own-child,Multi-vehicle Collision,Rear Collision,Major Damage,Other,0,3,?,1,2,YES,52110,5790,5790,40530,N
31,MALE,High School,machine-op-inspct,reading,unmarried,Single Vehicle Collision,Side Collision,Total Loss,Police,9,1,NO,0,2,YES,77880,14160,7080,56640,N
37,FEMALE,MD,craft-repair,yachting,other-relative,Single Vehicle Collision,Side Collision,Total Loss,Other,19,1,YES,1,0,NO,72930,6630,13260,53040,N
39,FEMALE,High School,handlers-cleaners,camping,own-child,Multi-vehicle Collision,Side Collision,Major Damage,Police,8,3,?,2,0,NO,60400,6040,6040,48320,N
62,MALE,JD,other-service,bungie-jumping,own-child,Multi-vehicle Collision,Rear Collision,Minor Damage,Police,20,3,NO,1,0,?,47160,0,5240,41920,N
41,FEMALE,Associate,machine-op-inspct,skydiving,own-child,Multi-vehicle Collision,Side Collision,Total Loss,Police,15,3,?,1,2,?,37840,0,4730,33110,N
40,MALE,College,craft-repair,kayaking,husband,Single Vehicle Collision,Rear Collision,Minor Damage,Other,6,1,NO,1,3,NO,77880,7080,14160,56640,N
43,MALE,High School,prof-specialty,golf,own-child,Parked Car,?,Minor Damage,Police,4,1,YES,1,3,YES,9020,1640,820,6560,N
40,FEMALE,JD,sales,kayaking,not-in-family,Single Vehicle Collision,Side Collision,Minor Damage,Other,21,1,NO,1,0,YES,69840,7760,15520,46560,N
45,FEMALE,PhD,machine-op-inspct,basketball,unmarried,Single Vehicle Collision,Rear Collision,Minor Damage,Police,5,1,NO,2,2,NO,91650,14100,14100,63450,N
25,MALE,Masters,prof-specialty,video-games,husband,Multi-vehicle Collision,Side Collision,Major Damage,Ambulance,22,4,NO,0,0,?,75600,12600,12600,50400,N
35,FEMALE,Associate,adm-clerical,yachting,other-relative,Multi-vehicle Collision,Front Collision,Total Loss,Police,16,3,YES,2,3,NO,29790,3310,3310,23170,N
30,MALE,High School,farming-fishing,video-games,wife,Multi-vehicle Collision,Front Collision,Major Damage,Ambulance,1,3,NO,1,2,?,77110,14020,14020,49070,N
37,MALE,PhD,prof-specialty,yachting,own-child,Single Vehicle Collision,Side Collision,Total Loss,Fire,17,1,YES,0,1,YES,64800,10800,5400,48600,N
49,FEMALE,JD,priv-house-serv,golf,unmarried,Parked Car,?,Minor Damage,None,16,1,NO,1,1,YES,5330,1230,820,3280,N
54,FEMALE,MD,craft-repair,bungie-jumping,unmarried,Multi-vehicle Collision,Rear Collision,Major Damage,Police,4,3,?,2,0,?,62300,12460,6230,43610,N
26,MALE,Associate,tech-support,kayaking,not-in-family,Single Vehicle Collision,Rear Collision,Minor Damage,Ambulance,19,1,NO,2,2,?,40000,8000,4000,28000,N
23,FEMALE,College,prof-specialty,hiking,husband,Multi-vehicle Collision,Side Collision,Minor Damage,Other,17,3,YES,1,0,NO,51660,5740,5740,40180,N
30,FEMALE,PhD,transport-moving,reading,own-child,Single Vehicle Collision,Rear Collision,Total Loss,Other,23,1,NO,2,2,NO,51120,5680,5680,39760,N
44,MALE,JD,priv-house-serv,reading,unmarried,Single Vehicle Collision,Front Collision,Minor Damage,Other,14,1,YES,0,2,?,56400,11280,11280,33840,N
40,FEMALE,MD,protective-serv,yachting,husband,Multi-vehicle Collision,Rear Collision,Total Loss,Other,17,3,NO,2,3,?,55120,6890,0,48230,N
33,FEMALE,Associate,other-service,polo,husband,Multi-vehicle Collision,Rear Collision,Total Loss,Fire,11,3,YES,1,1,?,77110,0,14020,63090,N
34,FEMALE,PhD,protective-serv,dancing,other-relative,Vehicle Theft,?,Trivial Damage,Police,5,1,?,2,0,YES,7290,810,810,5670,N
35,FEMALE,Masters,exec-managerial,movies,wife,Single Vehicle Collision,Rear Collision,Total Loss,Other,19,1,NO,0,0,?,76600,15320,7660,53620,N
59,MALE,MD,other-service,bungie-jumping,own-child,Multi-vehicle Collision,Front Collision,Minor Damage,Fire,19,3,?,0,3,YES,81800,16360,8180,57260,N
27,FEMALE,JD,farming-fishing,polo,husband,Vehicle Theft,?,Trivial Damage,None,4,1,?,1,2,?,7260,1320,660,5280,N
39,MALE,College,armed-forces,basketball,not-in-family,Vehicle Theft,?,Minor Damage,None,8,1,?,2,1,YES,4300,430,430,3440,N
40,FEMALE,JD,priv-house-serv,movies,husband,Multi-vehicle Collision,Side Collision,Major Damage,Police,7,3,YES,1,0,?,70510,12820,12820,44870,N
39,MALE,PhD,machine-op-inspct,movies,not-in-family,Parked Car,?,Minor Damage,Police,5,1,NO,0,1,YES,2640,480,480,1680,N
26,MALE,PhD,craft-repair,skydiving,not-in-family,Single Vehicle Collision,Rear Collision,Minor Damage,Fire,3,1,YES,1,2,NO,78900,15780,7890,55230,N
56,FEMALE,PhD,prof-specialty,chess,unmarried,Multi-vehicle Collision,Front Collision,Major Damage,Fire,12,3,?,2,3,?,56430,0,6270,50160,N
32,FEMALE,Masters,adm-clerical,hiking,own-child,Parked Car,?,Minor Damage,None,19,1,NO,1,3,NO,2400,300,300,1800,N
39,MALE,PhD,other-service,yachting,husband,Single Vehicle Collision,Front Collision,Total Loss,Ambulance,22,1,YES,0,1,NO,65790,7310,7310,51170,N
36,FEMALE,MD,adm-clerical,kayaking,own-child,Multi-vehicle Collision,Side Collision,Minor Damage,Police,12,3,NO,1,1,NO,62920,11440,5720,45760,N
44,MALE,JD,handlers-cleaners,basketball,husband,Multi-vehicle Collision,Side Collision,Total Loss,Other,23,3,NO,0,3,NO,44280,7380,3690,33210,N
32,MALE,High School,armed-forces,bungie-jumping,unmarried,Single Vehicle Collision,Side Collision,Minor Damage,Other,12,1,NO,0,3,YES,56300,5630,11260,39410,N
64,FEMALE,Associate,adm-clerical,reading,unmarried,Multi-vehicle Collision,Side Collision,Minor Damage,Fire,17,3,NO,1,1,NO,33930,0,3770,30160,N
30,MALE,MD,machine-op-inspct,movies,own-child,Single Vehicle Collision,Front Collision,Major Damage,Ambulance,8,1,NO,0,3,NO,68530,12460,6230,49840,N
49,MALE,MD,other-service,kayaking,own-child,Parked Car,?,Minor Damage,None,13,1,NO,0,1,?,4300,860,860,2580,N
41,FEMALE,Associate,sales,paintball,husband,Single Vehicle Collision,Rear Collision,Minor Damage,Ambulance,10,1,NO,1,2,NO,30100,3010,0,27090,N
37,FEMALE,College,transport-moving,golf,not-in-family,Multi-vehicle Collision,Rear Collision,Minor Damage,Fire,7,3,NO,2,0,YES,57120,9520,4760,42840,N
40,FEMALE,Associate,sales,yachting,wife,Multi-vehicle Collision,Side Collision,Minor Damage,Ambulance,18,3,YES,1,0,YES,42930,9540,4770,28620,N
35,FEMALE,High School,transport-moving,bungie-jumping,other-relative,Multi-vehicle Collision,Front Collision,Total Loss,Ambulance,22,3,NO,2,0,NO,51210,11380,5690,34140,N
45,FEMALE,College,handlers-cleaners,golf,husband,Multi-vehicle Collision,Front Collision,Minor Damage,Fire,18,3,NO,1,1,YES,89400,14900,7450,67050,N
47,MALE,College,transport-moving,dancing,not-in-family,Multi-vehicle Collision,Front Collision,Total Loss,Police,22,3,NO,0,2,?,59730,10860,10860,38010,N
39,FEMALE,JD,other-service,kayaking,wife,Vehicle Theft,?,Minor Damage,None,15,1,YES,2,2,YES,8060,1240,1240,5580,N
31,MALE,High School,exec-managerial,paintball,husband,Multi-vehicle Collision,Side Collision,Minor Damage,Ambulance,6,3,NO,1,2,NO,50800,10160,10160,30480,N
40,FEMALE,Masters,exec-managerial,video-games,wife,Vehicle Theft,?,Trivial Damage,None,10,1,?,2,1,?,6600,660,1320,4620,N
29,MALE,Masters,other-service,bungie-jumping,other-relative,Vehicle Theft,?,Minor Damage,Police,3,1,YES,2,2,NO,7500,750,1500,5250,N
35,MALE,High School,exec-managerial,video-games,wife,Vehicle Theft,?,Trivial Damage,None,13,1,NO,0,3,YES,6490,1180,1180,4130,N
41,MALE,High School,transport-moving,board-games,own-child,Multi-vehicle Collision,Front Collision,Major Damage,Fire,13,3,YES,0,1,?,58300,5830,11660,40810,N
34,FEMALE,Associate,priv-house-serv,yachting,husband,Multi-vehicle Collision,Front Collision,Minor Damage,Other,9,3,NO,2,1,?,68400,11400,11400,45600,N
32,FEMALE,MD,other-service,yachting,own-child,Single Vehicle Collision,Side Collision,Total Loss,Fire,2,1,?,2,1,YES,64240,11680,11680,40880,N
36,FEMALE,College,prof-specialty,kayaking,not-in-family,Parked Car,?,Trivial Damage,None,9,1,NO,0,1,YES,4700,940,470,3290,N
29,FEMALE,High School,sales,board-games,own-child,Multi-vehicle Collision,Front Collision,Total Loss,Fire,12,2,YES,1,1,?,66950,10300,10300,46350,N
42,MALE,PhD,farming-fishing,yachting,own-child,Parked Car,?,Trivial Damage,None,9,1,NO,0,1,NO,5900,590,590,4720,N
43,FEMALE,MD,exec-managerial,exercise,not-in-family,Multi-vehicle Collision,Front Collision,Major Damage,Ambulance,3,3,NO,1,1,?,70680,5890,11780,53010,N
42,FEMALE,High School,machine-op-inspct,hiking,not-in-family,Multi-vehicle Collision,Rear Collision,Total Loss,Ambulance,21,3,NO,1,0,NO,93720,17040,8520,68160,N
25,FEMALE,PhD,armed-forces,exercise,husband,Vehicle Theft,?,Minor Damage,None,5,1,NO,2,0,YES,6930,1260,630,5040,N
48,FEMALE,College,machine-op-inspct,kayaking,wife,Parked Car,?,Trivial Damage,None,6,1,?,1,2,YES,5400,900,900,3600,N
42,MALE,College,exec-managerial,reading,not-in-family,Vehicle Theft,?,Trivial Damage,None,10,1,NO,0,0,?,5600,700,700,4200,N
41,FEMALE,College,protective-serv,yachting,not-in-family,Single Vehicle Collision,Rear Collision,Minor Damage,Police,23,1,YES,0,0,?,79300,15860,15860,47580,N
27,FEMALE,College,tech-support,exercise,unmarried,Single Vehicle Collision,Side Collision,Major Damage,Police,13,1,YES,1,0,YES,52800,10560,5280,36960,N
41,FEMALE,JD,prof-specialty,bungie-jumping,husband,Multi-vehicle Collision,Front Collision,Minor Damage,Fire,16,3,?,2,3,NO,28800,0,3600,25200,N
33,FEMALE,Associate,tech-support,kayaking,other-relative,Parked Car,?,Minor Damage,Police,3,1,NO,1,1,NO,2970,330,330,2310,N
54,MALE,College,other-service,basketball,wife,Multi-vehicle Collision,Side Collision,Total Loss,Police,15,3,NO,0,0,?,93480,15580,7790,70110,N
49,MALE,College,prof-specialty,kayaking,husband,Vehicle Theft,?,Minor Damage,None,4,1,YES,1,3,YES,4320,480,480,3360,N
28,FEMALE,High School,handlers-cleaners,camping,own-child,Multi-vehicle Collision,Front Collision,Major Damage,Ambulance,22,2,NO,1,0,?,74200,7420,14840,51940,N
42,FEMALE,College,prof-specialty,video-games,unmarried,Single Vehicle Collision,Rear Collision,Minor Damage,Police,18,1,?,1,2,YES,74700,7470,14940,52290,N
41,MALE,High School,exec-managerial,polo,other-relative,Multi-vehicle Collision,Rear Collision,Total Loss,Other,12,3,?,2,0,NO,81070,14740,14740,51590,N
32,MALE,MD,protective-serv,camping,own-child,Multi-vehicle Collision,Side Collision,Major Damage,Other,13,2,?,1,1,?,57720,14430,9620,33670,N
51,MALE,Associate,armed-forces,reading,other-relative,Vehicle Theft,?,Minor Damage,None,9,1,YES,1,1,YES,7080,1180,1180,4720,N
31,FEMALE,PhD,machine-op-inspct,bungie-jumping,other-relative,Single Vehicle Collision,Rear Collision,Minor Damage,Police,16,1,NO,0,3,NO,51260,9320,9320,32620,N
38,FEMALE,PhD,transport-moving,yachting,not-in-family,Single Vehicle Collision,Rear Collision,Minor Damage,Fire,4,1,NO,1,3,YES,90000,18000,9000,63000,N
39,FEMALE,Associate,adm-clerical,camping,husband,Multi-vehicle Collision,Rear Collision,Minor Damage,Police,7,3,?,0,1,?,72820,13240,6620,52960,N
41,MALE,High School,priv-house-serv,board-games,other-relative,Single Vehicle Collision,Side Collision,Minor Damage,Fire,22,1,NO,2,0,?,69300,13860,13860,41580,N
25,FEMALE,College,prof-specialty,movies,other-relative,Multi-vehicle Collision,Front Collision,Total Loss,Other,0,4,YES,1,0,NO,77130,8570,17140,51420,N
35,FEMALE,JD,prof-specialty,paintball,not-in-family,Single Vehicle Collision,Rear Collision,Total Loss,Ambulance,1,1,YES,1,1,?,42000,7000,7000,28000,N
39,MALE,JD,craft-repair,dancing,unmarried,Multi-vehicle Collision,Rear Collision,Total Loss,Ambulance,12,3,NO,2,3,YES,36300,3300,9900,23100,N
38,MALE,MD,protective-serv,video-games,unmarried,Single Vehicle Collision,Side Collision,Total Loss,Other,8,1,NO,0,0,?,40320,5760,5760,28800,N
32,FEMALE,High School,tech-support,exercise,own-child,Parked Car,?,Minor Damage,Police,9,1,?,2,0,?,3960,330,660,2970,N
45,MALE,JD,machine-op-inspct,camping,wife,Multi-vehicle Collision,Front Collision,Minor Damage,Other,0,3,YES,1,2,NO,84720,14120,14120,56480,N
39,MALE,Masters,adm-clerical,paintball,own-child,Multi-vehicle Collision,Front Collision,Major Damage,Other,3,3,?,2,2,NO,61500,6150,12300,43050,N
27,FEMALE,Masters,tech-support,exercise,unmarried,Multi-vehicle Collision,Front Collision,Major Damage,Ambulance,21,3,?,0,1,?,51000,8500,8500,34000,N
33,FEMALE,High School,machine-op-inspct,skydiving,wife,Single Vehicle Collision,Side Collision,Total Loss,Police,0,1,?,2,1,NO,46800,4680,9360,32760,N
32,MALE,PhD,exec-managerial,basketball,unmarried,Single Vehicle Collision,Side Collision,Minor Damage,Ambulance,16,1,?,1,1,?,78120,17360,8680,52080,N
40,FEMALE,High School,sales,exercise,other-relative,Vehicle Theft,?,Minor Damage,Police,9,1,?,0,0,NO,3690,410,410,2870,N
28,FEMALE,PhD,tech-support,golf,not-in-family,Multi-vehicle Collision,Rear Collision,Minor Damage,Fire,9,3,NO,0,3,?,65500,6550,6550,52400,N
46,FEMALE,High School,prof-specialty,basketball,wife,Multi-vehicle Collision,Rear Collision,Minor Damage,Fire,21,3,?,1,2,YES,76120,13840,6920,55360,N
32,FEMALE,MD,other-service,hiking,not-in-family,Multi-vehicle Collision,Front Collision,Total Loss,Other,19,3,NO,0,2,YES,73560,12260,12260,49040,N
35,MALE,Masters,machine-op-inspct,camping,other-relative,Single Vehicle Collision,Rear Collision,Total Loss,Police,2,1,YES,0,1,?,52030,9460,4730,37840,N
41,MALE,Masters,transport-moving,video-games,wife,Vehicle Theft,?,Trivial Damage,None,9,1,?,2,3,?,5170,470,940,3760,N
34,MALE,PhD,machine-op-inspct,video-games,own-child,Parked Car,?,Minor Damage,None,5,1,?,2,1,YES,8190,1890,1260,5040,N
31,FEMALE,JD,farming-fishing,video-games,wife,Multi-vehicle Collision,Rear Collision,Total Loss,Police,20,3,?,0,3,YES,45630,5070,5070,35490,N
38,FEMALE,MD,other-service,golf,other-relative,Single Vehicle Collision,Front Collision,Minor Damage,Fire,21,1,?,1,1,?,47300,4730,4730,37840,N
32,FEMALE,PhD,farming-fishing,base-jumping,wife,Single Vehicle Collision,Side Collision,Total Loss,Other,17,1,?,1,0,?,82720,7520,15040,60160,N
45,MALE,Masters,priv-house-serv,polo,husband,Multi-vehicle Collision,Rear Collision,Major Damage,Fire,4,3,?,2,1,?,48060,10680,5340,32040,N
54,FEMALE,Masters,craft-repair,paintball,own-child,Multi-vehicle Collision,Rear Collision,Total Loss,Fire,13,3,NO,2,3,?,63240,10540,10540,42160,N
61,MALE,JD,exec-managerial,exercise,husband,Multi-vehicle Collision,Rear Collision,Minor Damage,Police,10,3,?,2,1,YES,72100,7210,14420,50470,N
59,FEMALE,JD,prof-specialty,hiking,other-relative,Parked Car,?,Minor Damage,None,8,1,?,2,3,NO,6500,1300,650,4550,N
38,MALE,Masters,machine-op-inspct,movies,not-in-family,Multi-vehicle Collision,Front Collision,Total Loss,Ambulance,17,3,?,2,0,?,78240,13040,13040,52160,N
29,FEMALE,JD,transport-moving,video-games,other-relative,Vehicle Theft,?,Minor Damage,Police,9,1,?,2,0,?,6200,1240,620,4340,N
36,FEMALE,Associate,priv-house-serv,reading,unmarried,Parked Car,?,Minor Damage,Police,0,1,YES,2,3,?,6160,560,1680,3920,N
48,FEMALE,MD,farming-fishing,dancing,not-in-family,Single Vehicle Collision,Front Collision,Total Loss,Ambulance,12,1,?,2,0,?,76050,11700,11700,52650,N
48,FEMALE,MD,exec-managerial,polo,unmarried,Multi-vehicle Collision,Side Collision,Total Loss,Ambulance,20,2,NO,2,1,YES,86060,13240,13240,59580,N
34,FEMALE,Masters,prof-specialty,polo,unmarried,Multi-vehicle Collision,Rear Collision,Total Loss,Fire,18,3,NO,2,0,YES,99990,18180,18180,63630,N
29,FEMALE,PhD,armed-forces,bungie-jumping,not-in-family,Multi-vehicle Collision,Side Collision,Minor Damage,Ambulance,4,3,NO,2,2,YES,61380,11160,5580,44640,N
45,MALE,High School,farming-fishing,yachting,unmarried,Multi-vehicle Collision,Front Collision,Minor Damage,Ambulance,18,3,NO,0,0,NO,64000,12800,6400,44800,N
46,FEMALE,Masters,machine-op-inspct,bungie-jumping,husband,Parked Car,?,Trivial Damage,Police,7,1,?,0,1,NO,5940,660,660,4620,N
37,MALE,High School,other-service,movies,not-in-family,Parked Car,?,Minor Damage,None,18,1,NO,1,0,NO,6700,670,670,5360,N
42,MALE,Associate,armed-forces,hiking,not-in-family,Multi-vehicle Collision,Rear Collision,Minor Damage,Police,23,3,YES,0,0,?,51740,11940,7960,31840,N
29,MALE,College,protective-serv,board-games,wife,Multi-vehicle Collision,Rear Collision,Total Loss,Other,15,3,YES,1,0,?,44910,4990,4990,34930,N
31,FEMALE,MD,transport-moving,kayaking,wife,Multi-vehicle Collision,Front Collision,Major Damage,Fire,2,3,?,0,2,YES,48100,11100,7400,29600,N
44,FEMALE,PhD,farming-fishing,kayaking,unmarried,Vehicle Theft,?,Trivial Damage,None,3,1,NO,0,1,NO,6100,610,1220,4270,N
46,MALE,MD,tech-support,board-games,wife,Single Vehicle Collision,Rear Collision,Minor Damage,Other,13,1,?,1,0,YES,79600,15920,15920,47760,N
34,MALE,Masters,protective-serv,dancing,other-relative,Single Vehicle Collision,Front Collision,Minor Damage,Ambulance,1,1,NO,1,1,YES,77040,8560,8560,59920,N
45,FEMALE,PhD,prof-specialty,kayaking,other-relative,Single Vehicle Collision,Rear Collision,Minor Damage,Fire,16,1,YES,0,1,?,62590,11380,11380,39830,N
40,FEMALE,Masters,armed-forces,skydiving,other-relative,Single Vehicle Collision,Front Collision,Total Loss,Other,0,1,YES,0,1,NO,85150,13100,13100,58950,N
39,MALE,MD,tech-support,exercise,wife,Vehicle Theft,?,Trivial Damage,None,1,1,?,2,1,NO,4950,450,900,3600,N
36,MALE,Associate,handlers-cleaners,basketball,not-in-family,Multi-vehicle Collision,Side Collision,Major Damage,Fire,17,3,?,2,0,YES,51100,10220,5110,35770,N
54,FEMALE,Masters,adm-clerical,reading,not-in-family,Single Vehicle Collision,Side Collision,Minor Damage,Police,13,1,YES,2,3,?,100800,16800,16800,67200,N
27,FEMALE,Masters,tech-support,exercise,husband,Single Vehicle Collision,Side Collision,Total Loss,Police,12,1,YES,2,3,NO,90970,16540,16540,57890,N
46,MALE,Masters,craft-repair,sleeping,not-in-family,Single Vehicle Collision,Front Collision,Major Damage,Ambulance,18,1,?,0,2,NO,54900,5490,5490,43920,N
34,FEMALE,JD,tech-support,bungie-jumping,unmarried,Multi-vehicle Collision,Front Collision,Total Loss,Ambulance,22,3,?,1,1,NO,18000,2250,2250,13500,N
39,FEMALE,JD,protective-serv,exercise,other-relative,Vehicle Theft,?,Minor Damage,Police,9,1,YES,1,3,YES,5500,1100,550,3850,N
28,FEMALE,High School,adm-clerical,polo,other-relative,Single Vehicle Collision,Rear Collision,Total Loss,Ambulance,11,1,NO,0,2,YES,101860,18520,18520,64820,N
57,MALE,Associate,tech-support,movies,own-child,Parked Car,?,Minor Damage,None,8,1,YES,0,1,YES,5390,980,980,3430,N
39,MALE,JD,farming-fishing,hiking,unmarried,Single Vehicle Collision,Side Collision,Minor Damage,Police,18,1,?,1,2,?,50490,5610,5610,39270,N
47,FEMALE,MD,handlers-cleaners,basketball,unmarried,Single Vehicle Collision,Front Collision,Total Loss,Police,13,1,NO,0,3,NO,55500,5550,11100,38850,N
32,MALE,High School,other-service,hiking,husband,Vehicle Theft,?,Minor Damage,Police,8,1,YES,1,1,YES,7040,1280,640,5120,N
26,MALE,MD,farming-fishing,basketball,not-in-family,Multi-vehicle Collision,Rear Collision,Total Loss,Other,9,3,?,0,1,YES,40160,5020,0,35140,N
44,MALE,High School,handlers-cleaners,bungie-jumping,husband,Multi-vehicle Collision,Side Collision,Total Loss,Fire,17,2,YES,2,3,NO,55680,6960,6960,41760,N
43,FEMALE,MD,adm-clerical,camping,not-in-family,Parked Car,?,Trivial Damage,None,6,1,YES,0,3,?,5200,650,650,3900,N
48,MALE,Masters,armed-forces,bungie-jumping,own-child,Single Vehicle Collision,Front Collision,Major Damage,Ambulance,17,1,YES,2,1,NO,59400,5940,11880,41580,N
43,FEMALE,College,sales,paintball,other-relative,Vehicle Theft,?,Minor Damage,Police,7,1,?,1,1,?,2520,280,280,1960,N
31,MALE,PhD,craft-repair,golf,not-in-family,Vehicle Theft,?,Trivial Damage,Police,9,1,NO,2,1,YES,5760,960,960,3840,N
49,MALE,PhD,transport-moving,base-jumping,not-in-family,Single Vehicle Collision,Rear Collision,Minor Damage,Fire,3,1,?,2,0,YES,76700,7670,7670,61360,N
39,FEMALE,High School,protective-serv,board-games,unmarried,Parked Car,?,Trivial Damage,Police,6,1,NO,0,2,NO,5920,740,740,4440,N
62,MALE,PhD,machine-op-inspct,paintball,wife,Multi-vehicle Collision,Rear Collision,Major Damage,Fire,7,3,YES,0,3,?,64350,7150,7150,50050,N
39,MALE,JD,sales,kayaking,husband,Multi-vehicle Collision,Rear Collision,Total Loss,Ambulance,21,3,NO,1,2,?,19080,4240,2120,12720,N
43,FEMALE,Masters,tech-support,exercise,not-in-family,Single Vehicle Collision,Rear Collision,Minor Damage,Police,14,1,NO,2,1,NO,54400,5440,5440,43520,N
29,MALE,Masters,handlers-cleaners,golf,husband,Multi-vehicle Collision,Side Collision,Major Damage,Police,14,3,?,0,3,YES,72000,7200,7200,57600,N
48,MALE,JD,adm-clerical,hiking,husband,Multi-vehicle Collision,Side Collision,Total Loss,Police,13,4,NO,2,3,NO,65070,7230,14460,43380,N
53,MALE,Associate,sales,reading,not-in-family,Parked Car,?,Trivial Damage,Police,8,1,NO,0,1,NO,8800,1760,880,6160,N
24,FEMALE,High School,handlers-cleaners,movies,other-relative,Vehicle Theft,?,Minor Damage,Police,7,1,NO,2,0,NO,6120,1020,1020,4080,N
37,MALE,High School,priv-house-serv,skydiving,not-in-family,Vehicle Theft,?,Trivial Damage,None,9,1,?,1,2,?,7080,1180,590,5310,N
50,MALE,High School,sales,yachting,other-relative,Multi-vehicle Collision,Side Collision,Minor Damage,Ambulance,12,3,YES,2,3,YES,34320,8580,4290,21450,N
26,FEMALE,High School,machine-op-inspct,base-jumping,unmarried,Single Vehicle Collision,Front Collision,Minor Damage,Fire,14,1,NO,2,2,NO,63120,5260,10520,47340,N
28,MALE,Masters,transport-moving,yachting,not-in-family,Vehicle Theft,?,Trivial Damage,None,17,1,?,2,1,NO,7200,1440,720,5040,N
43,MALE,College,priv-house-serv,camping,other-relative,Multi-vehicle Collision,Side Collision,Minor Damage,Fire,21,3,NO,1,0,NO,60190,9260,9260,41670,N
49,FEMALE,College,other-service,exercise,own-child,Single Vehicle Collision,Front Collision,Minor Damage,Ambulance,17,1,NO,2,2,NO,28100,2810,5620,19670,N
50,FEMALE,High School,sales,yachting,husband,Single Vehicle Collision,Side Collision,Total Loss,Fire,19,1,YES,0,0,NO,49060,8920,8920,31220,N
50,MALE,Associate,sales,board-games,wife,Multi-vehicle Collision,Side Collision,Total Loss,Fire,17,3,?,1,1,NO,57060,6340,6340,44380,N
38,FEMALE,Associate,tech-support,kayaking,not-in-family,Multi-vehicle Collision,Side Collision,Major Damage,Fire,23,3,?,0,3,YES,77880,12980,12980,51920,N
41,MALE,Masters,exec-managerial,basketball,unmarried,Single Vehicle Collision,Front Collision,Total Loss,Ambulance,4,1,YES,0,1,YES,73500,7350,14700,51450,N
52,FEMALE,High School,other-service,paintball,own-child,Multi-vehicle Collision,Rear Collision,Minor Damage,Other,2,2,YES,2,0,?,88920,6840,13680,68400,N
53,FEMALE,MD,craft-repair,kayaking,unmarried,Multi-vehicle Collision,Front Collision,Total Loss,Fire,10,3,YES,1,3,NO,59040,6560,6560,45920,N
37,FEMALE,MD,farming-fishing,dancing,other-relative,Single Vehicle Collision,Rear Collision,Minor Damage,Other,2,1,?,0,3,NO,79530,14460,7230,57840,N
34,FEMALE,High School,machine-op-inspct,base-jumping,wife,Single Vehicle Collision,Side Collision,Total Loss,Other,18,1,NO,0,2,YES,53680,4880,4880,43920,N
46,MALE,JD,prof-specialty,dancing,own-child,Single Vehicle Collision,Side Collision,Minor Damage,Police,18,1,NO,2,3,YES,33550,3050,6100,24400,N
42,FEMALE,Masters,machine-op-inspct,exercise,husband,Multi-vehicle Collision,Side Collision,Total Loss,Other,7,4,?,2,1,YES,69100,6910,6910,55280,N
35,MALE,MD,handlers-cleaners,paintball,own-child,Multi-vehicle Collision,Rear Collision,Major Damage,Police,19,3,?,2,0,NO,79750,14500,14500,50750,N
54,MALE,Masters,transport-moving,kayaking,unmarried,Multi-vehicle Collision,Side Collision,Minor Damage,Fire,16,3,NO,1,0,?,76560,12760,6380,57420,N
32,MALE,JD,craft-repair,golf,unmarried,Single Vehicle Collision,Front Collision,Total Loss,Fire,17,1,YES,1,1,NO,41130,4570,4570,31990,N
41,FEMALE,Associate,farming-fishing,reading,own-child,Single Vehicle Collision,Side Collision,Major Damage,Other,19,1,?,1,1,?,71060,6460,12920,51680,N
37,FEMALE,Masters,farming-fishing,dancing,own-child,Single Vehicle Collision,Front Collision,Minor Damage,Fire,0,1,YES,1,1,?,38830,3530,3530,31770,N
43,FEMALE,MD,armed-forces,cross-fit,own-child,Single Vehicle Collision,Front Collision,Major Damage,Fire,16,1,?,0,0,YES,53500,5350,5350,42800,N
40,FEMALE,JD,exec-managerial,camping,other-relative,Parked Car,?,Trivial Damage,None,10,1,?,2,1,YES,6300,630,630,5040,N
36,FEMALE,College,tech-support,paintball,own-child,Multi-vehicle Collision,Rear Collision,Total Loss,Ambulance,21,3,?,2,2,NO,65400,10900,10900,43600,N
28,MALE,Associate,armed-forces,board-games,other-relative,Vehicle Theft,?,Trivial Damage,None,3,1,YES,1,2,NO,3200,640,320,2240,N
28,FEMALE,JD,machine-op-inspct,golf,not-in-family,Single Vehicle Collision,Side Collision,Minor Damage,Fire,19,1,YES,0,2,YES,58140,6460,6460,45220,N
27,MALE,Masters,machine-op-inspct,golf,other-relative,Parked Car,?,Minor Damage,None,7,1,?,0,3,NO,5900,1180,590,4130,N
30,FEMALE,High School,armed-forces,paintball,other-relative,Single Vehicle Collision,Rear Collision,Major Damage,Fire,19,1,?,1,3,YES,64100,6410,6410,51280,N
40,FEMALE,High School,transport-moving,bungie-jumping,husband,Vehicle Theft,?,Trivial Damage,Police,5,1,YES,1,1,NO,7480,680,680,6120,N
57,FEMALE,High School,farming-fishing,golf,own-child,Multi-vehicle Collision,Side Collision,Major Damage,Ambulance,7,3,NO,0,1,?,59040,9840,9840,39360,N
36,MALE,Associate,craft-repair,base-jumping,other-relative,Multi-vehicle Collision,Side Collision,Total Loss,Other,16,3,YES,1,0,YES,50500,10100,5050,35350,N
40,FEMALE,MD,sales,base-jumping,husband,Vehicle Theft,?,Trivial Damage,Police,2,1,YES,1,3,YES,5940,660,660,4620,N
29,FEMALE,Masters,priv-house-serv,skydiving,other-relative,Parked Car,?,Trivial Damage,None,17,1,?,0,1,NO,3850,350,350,3150,N
40,MALE,Masters,armed-forces,base-jumping,other-relative,Multi-vehicle Collision,Side Collision,Minor Damage,Police,5,3,?,1,1,?,61490,5590,11180,44720,N
30,FEMALE,MD,protective-serv,kayaking,wife,Single Vehicle Collision,Side Collision,Minor Damage,Police,9,1,NO,1,0,YES,57640,5240,10480,41920,N
57,FEMALE,High School,craft-repair,movies,own-child,Vehicle Theft,?,Trivial Damage,Police,9,1,NO,1,0,NO,6890,1060,1060,4770,N
29,FEMALE,JD,handlers-cleaners,video-games,unmarried,Multi-vehicle Collision,Rear Collision,Minor Damage,Fire,22,3,NO,0,0,?,78300,15660,7830,54810,N
37,MALE,Associate,protective-serv,reading,other-relative,Multi-vehicle Collision,Rear Collision,Major Damage,Ambulance,15,3,YES,0,3,NO,41490,4610,4610,32270,N
36,FEMALE,Associate,machine-op-inspct,camping,wife,Multi-vehicle Collision,Front Collision,Total Loss,Fire,14,3,YES,2,3,YES,68970,12540,6270,50160,N
55,MALE,College,handlers-cleaners,camping,husband,Multi-vehicle Collision,Rear Collision,Minor Damage,Police,6,3,?,2,0,YES,85300,17060,8530,59710,N
40,FEMALE,Associate,other-service,camping,wife,Parked Car,?,Minor Damage,None,6,1,NO,0,0,NO,3080,560,280,2240,N
26,FEMALE,JD,armed-forces,skydiving,wife,Multi-vehicle Collision,Rear Collision,Minor Damage,Ambulance,14,3,?,1,0,NO,59700,11940,11940,35820,N
39,FEMALE,Masters,other-service,skydiving,other-relative,Multi-vehicle Collision,Front Collision,Minor Damage,Fire,16,3,NO,0,2,?,64920,10820,10820,43280,N
43,FEMALE,Associate,machine-op-inspct,board-games,own-child,Multi-vehicle Collision,Front Collision,Major Damage,Ambulance,10,3,?,0,1,NO,37530,4170,4170,29190,N
42,MALE,Associate,tech-support,paintball,husband,Multi-vehicle Collision,Side Collision,Total Loss,Ambulance,9,3,YES,1,2,NO,64080,7120,7120,49840,N